Modèle,mAP50,mAP50-95,Précision,Rappel,Vitesse Inférence (ms),Fitness
YOLOv8n-OBB,0.9777962504586748,0.857978899737468,0.9354027066984315,0.9544526913790262,11.09391874827755,0.857978899737468
YOLOv8s-OBB,0.9816393566792561,0.8884879144674812,0.9335780904425034,0.9641478212906784,13.964054167445283,0.8884879144674812
